[
  {
    "model": "admin.logentry",
    "pk": 1,
    "fields": {
      "action_time": "2021-08-13T09:46:20.374Z",
      "user": 2,
      "content_type": 4,
      "object_id": "1",
      "object_repr": "root",
      "action_flag": 3,
      "change_message": ""
    }
  },
  {
    "model": "admin.logentry",
    "pk": 2,
    "fields": {
      "action_time": "2021-08-13T09:51:55.257Z",
      "user": 2,
      "content_type": 7,
      "object_id": "1",
      "object_repr": "Product object (1)",
      "action_flag": 1,
      "change_message": "[{\"added\": {}}]"
    }
  },
  {
    "model": "admin.logentry",
    "pk": 3,
    "fields": {
      "action_time": "2021-08-13T10:16:23.130Z",
      "user": 2,
      "content_type": 7,
      "object_id": "1",
      "object_repr": "Airpods Wireless Bluetooth Headphones | Apple | 12999.00",
      "action_flag": 2,
      "change_message": "[{\"changed\": {\"fields\": [\"Image\"]}}]"
    }
  },
  {
    "model": "admin.logentry",
    "pk": 4,
    "fields": {
      "action_time": "2021-08-13T10:33:36.271Z",
      "user": 2,
      "content_type": 7,
      "object_id": "2",
      "object_repr": "iPhone 11 Pro 256GB Memory | Apple | 90000",
      "action_flag": 1,
      "change_message": "[{\"added\": {}}]"
    }
  },
  {
    "model": "admin.logentry",
    "pk": 5,
    "fields": {
      "action_time": "2021-08-13T10:34:42.636Z",
      "user": 2,
      "content_type": 7,
      "object_id": "3",
      "object_repr": "Cannon EOS 80D DSLR Camera | Canon | 85000",
      "action_flag": 1,
      "change_message": "[{\"added\": {}}]"
    }
  },
  {
    "model": "admin.logentry",
    "pk": 6,
    "fields": {
      "action_time": "2021-08-13T10:35:51.749Z",
      "user": 2,
      "content_type": 7,
      "object_id": "4",
      "object_repr": "Sony Playstation 4 Pro White Version | Sony | 29999",
      "action_flag": 1,
      "change_message": "[{\"added\": {}}]"
    }
  },
  {
    "model": "admin.logentry",
    "pk": 7,
    "fields": {
      "action_time": "2021-08-13T10:36:49.331Z",
      "user": 2,
      "content_type": 7,
      "object_id": "5",
      "object_repr": "Logitech G-Series Gaming Mouse | Logitech | 3499",
      "action_flag": 1,
      "change_message": "[{\"added\": {}}]"
    }
  },
  {
    "model": "admin.logentry",
    "pk": 8,
    "fields": {
      "action_time": "2021-08-13T10:37:40.649Z",
      "user": 2,
      "content_type": 7,
      "object_id": "6",
      "object_repr": "Amazon Echo Dot 3rd Generation | Amazon | 2999",
      "action_flag": 1,
      "change_message": "[{\"added\": {}}]"
    }
  },
  {
    "model": "admin.logentry",
    "pk": 9,
    "fields": {
      "action_time": "2021-08-15T07:42:38.938Z",
      "user": 2,
      "content_type": 4,
      "object_id": "2",
      "object_repr": "kritebh",
      "action_flag": 2,
      "change_message": "[{\"changed\": {\"fields\": [\"Email address\"]}}]"
    }
  },
  {
    "model": "admin.logentry",
    "pk": 10,
    "fields": {
      "action_time": "2021-08-16T10:38:24.257Z",
      "user": 2,
      "content_type": 4,
      "object_id": "3",
      "object_repr": "harsh",
      "action_flag": 2,
      "change_message": "[{\"changed\": {\"fields\": [\"First name\", \"Last name\"]}}]"
    }
  },
  {
    "model": "admin.logentry",
    "pk": 11,
    "fields": {
      "action_time": "2021-08-16T10:39:47.337Z",
      "user": 2,
      "content_type": 4,
      "object_id": "3",
      "object_repr": "harsh",
      "action_flag": 2,
      "change_message": "[{\"changed\": {\"fields\": [\"Email address\"]}}]"
    }
  },
  {
    "model": "admin.logentry",
    "pk": 12,
    "fields": {
      "action_time": "2021-08-16T11:07:50.776Z",
      "user": 2,
      "content_type": 4,
      "object_id": "4",
      "object_repr": "john@email.com",
      "action_flag": 2,
      "change_message": "[{\"changed\": {\"fields\": [\"Email address\"]}}]"
    }
  },
  {
    "model": "admin.logentry",
    "pk": 13,
    "fields": {
      "action_time": "2021-08-16T11:09:53.691Z",
      "user": 2,
      "content_type": 4,
      "object_id": "3",
      "object_repr": "harsh.nishant.supersta@gmail.com",
      "action_flag": 2,
      "change_message": "[{\"changed\": {\"fields\": [\"Email address\"]}}]"
    }
  },
  {
    "model": "admin.logentry",
    "pk": 14,
    "fields": {
      "action_time": "2021-08-16T11:09:59.402Z",
      "user": 2,
      "content_type": 4,
      "object_id": "3",
      "object_repr": "harsh.nishant.superstar@gmail.com",
      "action_flag": 2,
      "change_message": "[{\"changed\": {\"fields\": [\"Email address\"]}}]"
    }
  },
  {
    "model": "admin.logentry",
    "pk": 15,
    "fields": {
      "action_time": "2021-08-16T11:10:21.636Z",
      "user": 2,
      "content_type": 4,
      "object_id": "2",
      "object_repr": "kritebhlaganbibhaka@gmail.com",
      "action_flag": 2,
      "change_message": "[{\"changed\": {\"fields\": [\"Email address\"]}}]"
    }
  },
  {
    "model": "admin.logentry",
    "pk": 16,
    "fields": {
      "action_time": "2021-08-16T11:10:27.791Z",
      "user": 2,
      "content_type": 4,
      "object_id": "2",
      "object_repr": "kritebhlaganbibhakar@gmail.com",
      "action_flag": 2,
      "change_message": "[{\"changed\": {\"fields\": [\"Email address\"]}}]"
    }
  },
  {
    "model": "admin.logentry",
    "pk": 17,
    "fields": {
      "action_time": "2021-08-20T11:12:08.635Z",
      "user": 2,
      "content_type": 10,
      "object_id": "1",
      "object_repr": "None",
      "action_flag": 1,
      "change_message": "[{\"added\": {}}]"
    }
  },
  {
    "model": "admin.logentry",
    "pk": 18,
    "fields": {
      "action_time": "2021-08-20T11:12:15.063Z",
      "user": 2,
      "content_type": 10,
      "object_id": "1",
      "object_repr": "None",
      "action_flag": 3,
      "change_message": ""
    }
  },
  {
    "model": "admin.logentry",
    "pk": 19,
    "fields": {
      "action_time": "2021-08-25T17:04:29.049Z",
      "user": 3,
      "content_type": 10,
      "object_id": "6",
      "object_repr": "None",
      "action_flag": 2,
      "change_message": "[{\"changed\": {\"fields\": [\"IsPaid\", \"PaidAt\", \"IsDeliver\", \"DeliveredAt\"]}}]"
    }
  },
  {
    "model": "admin.logentry",
    "pk": 20,
    "fields": {
      "action_time": "2021-08-26T05:06:22.024Z",
      "user": 3,
      "content_type": 4,
      "object_id": "3",
      "object_repr": "harsh.nishant.superstar@gmail.com",
      "action_flag": 2,
      "change_message": "[{\"changed\": {\"fields\": [\"Username\", \"First name\", \"Last name\"]}}]"
    }
  },
  {
    "model": "admin.logentry",
    "pk": 21,
    "fields": {
      "action_time": "2021-08-28T11:48:52.987Z",
      "user": 2,
      "content_type": 10,
      "object_id": "9",
      "object_repr": "None",
      "action_flag": 3,
      "change_message": ""
    }
  },
  {
    "model": "admin.logentry",
    "pk": 22,
    "fields": {
      "action_time": "2021-08-28T11:48:52.997Z",
      "user": 2,
      "content_type": 10,
      "object_id": "8",
      "object_repr": "None",
      "action_flag": 3,
      "change_message": ""
    }
  },
  {
    "model": "admin.logentry",
    "pk": 23,
    "fields": {
      "action_time": "2021-08-28T11:48:53.005Z",
      "user": 2,
      "content_type": 10,
      "object_id": "7",
      "object_repr": "None",
      "action_flag": 3,
      "change_message": ""
    }
  },
  {
    "model": "admin.logentry",
    "pk": 24,
    "fields": {
      "action_time": "2021-08-28T11:48:53.013Z",
      "user": 2,
      "content_type": 10,
      "object_id": "6",
      "object_repr": "None",
      "action_flag": 3,
      "change_message": ""
    }
  },
  {
    "model": "admin.logentry",
    "pk": 25,
    "fields": {
      "action_time": "2021-08-28T11:48:53.021Z",
      "user": 2,
      "content_type": 10,
      "object_id": "5",
      "object_repr": "None",
      "action_flag": 3,
      "change_message": ""
    }
  },
  {
    "model": "admin.logentry",
    "pk": 26,
    "fields": {
      "action_time": "2021-08-28T11:48:53.028Z",
      "user": 2,
      "content_type": 10,
      "object_id": "4",
      "object_repr": "None",
      "action_flag": 3,
      "change_message": ""
    }
  },
  {
    "model": "admin.logentry",
    "pk": 27,
    "fields": {
      "action_time": "2021-08-28T11:48:53.037Z",
      "user": 2,
      "content_type": 10,
      "object_id": "3",
      "object_repr": "None",
      "action_flag": 3,
      "change_message": ""
    }
  },
  {
    "model": "admin.logentry",
    "pk": 28,
    "fields": {
      "action_time": "2021-08-28T11:48:53.046Z",
      "user": 2,
      "content_type": 10,
      "object_id": "2",
      "object_repr": "None",
      "action_flag": 3,
      "change_message": ""
    }
  },
  {
    "model": "admin.logentry",
    "pk": 29,
    "fields": {
      "action_time": "2021-08-28T11:48:53.054Z",
      "user": 2,
      "content_type": 10,
      "object_id": "1",
      "object_repr": "None",
      "action_flag": 3,
      "change_message": ""
    }
  },
  {
    "model": "admin.logentry",
    "pk": 30,
    "fields": {
      "action_time": "2021-08-28T12:30:02.842Z",
      "user": 2,
      "content_type": 10,
      "object_id": "10",
      "object_repr": "2021-08-28 11:49:27.118727+00:00",
      "action_flag": 2,
      "change_message": "[]"
    }
  },
  {
    "model": "admin.logentry",
    "pk": 31,
    "fields": {
      "action_time": "2021-09-03T12:40:13.493Z",
      "user": 2,
      "content_type": 10,
      "object_id": "10",
      "object_repr": "2021-08-28 11:49:27.118727+00:00",
      "action_flag": 2,
      "change_message": "[{\"changed\": {\"fields\": [\"IsDeliver\"]}}]"
    }
  },
  {
    "model": "admin.logentry",
    "pk": 32,
    "fields": {
      "action_time": "2021-09-03T12:40:32.870Z",
      "user": 2,
      "content_type": 10,
      "object_id": "10",
      "object_repr": "2021-08-28 11:49:27.118727+00:00",
      "action_flag": 2,
      "change_message": "[{\"changed\": {\"fields\": [\"DeliveredAt\"]}}]"
    }
  },
  {
    "model": "admin.logentry",
    "pk": 33,
    "fields": {
      "action_time": "2021-09-03T12:41:00.376Z",
      "user": 2,
      "content_type": 10,
      "object_id": "11",
      "object_repr": "2021-09-03 04:54:32.669053+00:00",
      "action_flag": 2,
      "change_message": "[{\"changed\": {\"fields\": [\"IsPaid\", \"PaidAt\"]}}]"
    }
  },
  {
    "model": "admin.logentry",
    "pk": 34,
    "fields": {
      "action_time": "2021-09-05T15:39:20.010Z",
      "user": 2,
      "content_type": 7,
      "object_id": "7",
      "object_repr": "Dummy Product | Passion Fruit | 10",
      "action_flag": 1,
      "change_message": "[{\"added\": {}}]"
    }
  },
  {
    "model": "admin.logentry",
    "pk": 35,
    "fields": {
      "action_time": "2021-09-05T16:27:41.120Z",
      "user": 2,
      "content_type": 7,
      "object_id": "7",
      "object_repr": "Demo | demo | None",
      "action_flag": 1,
      "change_message": "[{\"added\": {}}]"
    }
  },
  {
    "model": "admin.logentry",
    "pk": 36,
    "fields": {
      "action_time": "2021-09-05T16:37:50.324Z",
      "user": 2,
      "content_type": 7,
      "object_id": "2",
      "object_repr": "iPhone 11 Pro 256GB Memory | Apple | 90000.00",
      "action_flag": 2,
      "change_message": "[{\"changed\": {\"fields\": [\"CountInStock\"]}}]"
    }
  },
  {
    "model": "admin.logentry",
    "pk": 37,
    "fields": {
      "action_time": "2021-09-06T18:23:46.586Z",
      "user": 3,
      "content_type": 7,
      "object_id": "10",
      "object_repr": "test | aaa | 100000000",
      "action_flag": 1,
      "change_message": "[{\"added\": {}}]"
    }
  },
  {
    "model": "admin.logentry",
    "pk": 38,
    "fields": {
      "action_time": "2021-09-09T08:11:28.193Z",
      "user": 2,
      "content_type": 11,
      "object_id": "1",
      "object_repr": "3",
      "action_flag": 2,
      "change_message": "[]"
    }
  },
  {
    "model": "admin.logentry",
    "pk": 39,
    "fields": {
      "action_time": "2021-09-11T11:30:14.650Z",
      "user": 2,
      "content_type": 7,
      "object_id": "6",
      "object_repr": "Amazon Echo Dot 3rd Generation | Amazon | 2999.00",
      "action_flag": 2,
      "change_message": "[{\"changed\": {\"fields\": [\"Image\"]}}]"
    }
  },
  {
    "model": "admin.logentry",
    "pk": 40,
    "fields": {
      "action_time": "2021-09-12T07:13:20.710Z",
      "user": 2,
      "content_type": 7,
      "object_id": "7",
      "object_repr": "Test | Teat | 234",
      "action_flag": 1,
      "change_message": "[{\"added\": {}}]"
    }
  },
  {
    "model": "admin.logentry",
    "pk": 41,
    "fields": {
      "action_time": "2021-09-12T07:24:04.045Z",
      "user": 2,
      "content_type": 7,
      "object_id": "7",
      "object_repr": "Test | Teat | 234.00",
      "action_flag": 3,
      "change_message": ""
    }
  },
  {
    "model": "admin.logentry",
    "pk": 42,
    "fields": {
      "action_time": "2021-09-12T07:24:04.051Z",
      "user": 2,
      "content_type": 7,
      "object_id": "6",
      "object_repr": "Amazon Echo Dot 3rd Generation | Amazon | 2999.00",
      "action_flag": 3,
      "change_message": ""
    }
  },
  {
    "model": "admin.logentry",
    "pk": 43,
    "fields": {
      "action_time": "2021-09-12T07:24:04.061Z",
      "user": 2,
      "content_type": 7,
      "object_id": "5",
      "object_repr": "Logitech G-Series Gaming Mouse | Logitech | 3499.00",
      "action_flag": 3,
      "change_message": ""
    }
  },
  {
    "model": "admin.logentry",
    "pk": 44,
    "fields": {
      "action_time": "2021-09-12T07:24:04.070Z",
      "user": 2,
      "content_type": 7,
      "object_id": "4",
      "object_repr": "Sony Playstation 4 Pro White Version | Sony | 29999.00",
      "action_flag": 3,
      "change_message": ""
    }
  },
  {
    "model": "admin.logentry",
    "pk": 45,
    "fields": {
      "action_time": "2021-09-12T07:24:04.078Z",
      "user": 2,
      "content_type": 7,
      "object_id": "3",
      "object_repr": "Cannon EOS 80D DSLR Camera | Canon | 85000.00",
      "action_flag": 3,
      "change_message": ""
    }
  },
  {
    "model": "admin.logentry",
    "pk": 46,
    "fields": {
      "action_time": "2021-09-12T07:24:04.086Z",
      "user": 2,
      "content_type": 7,
      "object_id": "2",
      "object_repr": "iPhone 11 Pro 256GB Memory | Apple | 90000.00",
      "action_flag": 3,
      "change_message": ""
    }
  },
  {
    "model": "admin.logentry",
    "pk": 47,
    "fields": {
      "action_time": "2021-09-12T07:24:04.095Z",
      "user": 2,
      "content_type": 7,
      "object_id": "1",
      "object_repr": "Airpods Wireless Bluetooth Headphones | Apple | 12999.00",
      "action_flag": 3,
      "change_message": ""
    }
  },
  {
    "model": "admin.logentry",
    "pk": 48,
    "fields": {
      "action_time": "2021-09-12T07:24:32.821Z",
      "user": 2,
      "content_type": 7,
      "object_id": "8",
      "object_repr": "Test | Apple | 12312",
      "action_flag": 1,
      "change_message": "[{\"added\": {}}]"
    }
  },
  {
    "model": "admin.logentry",
    "pk": 49,
    "fields": {
      "action_time": "2021-09-12T07:30:27.638Z",
      "user": 2,
      "content_type": 7,
      "object_id": "8",
      "object_repr": "Test | Apple | 12312.00",
      "action_flag": 2,
      "change_message": "[]"
    }
  },
  {
    "model": "admin.logentry",
    "pk": 50,
    "fields": {
      "action_time": "2021-09-12T07:30:47.032Z",
      "user": 2,
      "content_type": 7,
      "object_id": "9",
      "object_repr": "Camera | canon | 54235",
      "action_flag": 1,
      "change_message": "[{\"added\": {}}]"
    }
  },
  {
    "model": "admin.logentry",
    "pk": 51,
    "fields": {
      "action_time": "2021-09-12T07:34:21.327Z",
      "user": 2,
      "content_type": 7,
      "object_id": "10",
      "object_repr": " Product Name  | Sample brand  | 0.00",
      "action_flag": 3,
      "change_message": ""
    }
  },
  {
    "model": "auth.permission",
    "pk": 1,
    "fields": {
      "name": "Can add log entry",
      "content_type": 1,
      "codename": "add_logentry"
    }
  },
  {
    "model": "auth.permission",
    "pk": 2,
    "fields": {
      "name": "Can change log entry",
      "content_type": 1,
      "codename": "change_logentry"
    }
  },
  {
    "model": "auth.permission",
    "pk": 3,
    "fields": {
      "name": "Can delete log entry",
      "content_type": 1,
      "codename": "delete_logentry"
    }
  },
  {
    "model": "auth.permission",
    "pk": 4,
    "fields": {
      "name": "Can view log entry",
      "content_type": 1,
      "codename": "view_logentry"
    }
  },
  {
    "model": "auth.permission",
    "pk": 5,
    "fields": {
      "name": "Can add permission",
      "content_type": 2,
      "codename": "add_permission"
    }
  },
  {
    "model": "auth.permission",
    "pk": 6,
    "fields": {
      "name": "Can change permission",
      "content_type": 2,
      "codename": "change_permission"
    }
  },
  {
    "model": "auth.permission",
    "pk": 7,
    "fields": {
      "name": "Can delete permission",
      "content_type": 2,
      "codename": "delete_permission"
    }
  },
  {
    "model": "auth.permission",
    "pk": 8,
    "fields": {
      "name": "Can view permission",
      "content_type": 2,
      "codename": "view_permission"
    }
  },
  {
    "model": "auth.permission",
    "pk": 9,
    "fields": {
      "name": "Can add group",
      "content_type": 3,
      "codename": "add_group"
    }
  },
  {
    "model": "auth.permission",
    "pk": 10,
    "fields": {
      "name": "Can change group",
      "content_type": 3,
      "codename": "change_group"
    }
  },
  {
    "model": "auth.permission",
    "pk": 11,
    "fields": {
      "name": "Can delete group",
      "content_type": 3,
      "codename": "delete_group"
    }
  },
  {
    "model": "auth.permission",
    "pk": 12,
    "fields": {
      "name": "Can view group",
      "content_type": 3,
      "codename": "view_group"
    }
  },
  {
    "model": "auth.permission",
    "pk": 13,
    "fields": {
      "name": "Can add user",
      "content_type": 4,
      "codename": "add_user"
    }
  },
  {
    "model": "auth.permission",
    "pk": 14,
    "fields": {
      "name": "Can change user",
      "content_type": 4,
      "codename": "change_user"
    }
  },
  {
    "model": "auth.permission",
    "pk": 15,
    "fields": {
      "name": "Can delete user",
      "content_type": 4,
      "codename": "delete_user"
    }
  },
  {
    "model": "auth.permission",
    "pk": 16,
    "fields": {
      "name": "Can view user",
      "content_type": 4,
      "codename": "view_user"
    }
  },
  {
    "model": "auth.permission",
    "pk": 17,
    "fields": {
      "name": "Can add content type",
      "content_type": 5,
      "codename": "add_contenttype"
    }
  },
  {
    "model": "auth.permission",
    "pk": 18,
    "fields": {
      "name": "Can change content type",
      "content_type": 5,
      "codename": "change_contenttype"
    }
  },
  {
    "model": "auth.permission",
    "pk": 19,
    "fields": {
      "name": "Can delete content type",
      "content_type": 5,
      "codename": "delete_contenttype"
    }
  },
  {
    "model": "auth.permission",
    "pk": 20,
    "fields": {
      "name": "Can view content type",
      "content_type": 5,
      "codename": "view_contenttype"
    }
  },
  {
    "model": "auth.permission",
    "pk": 21,
    "fields": {
      "name": "Can add session",
      "content_type": 6,
      "codename": "add_session"
    }
  },
  {
    "model": "auth.permission",
    "pk": 22,
    "fields": {
      "name": "Can change session",
      "content_type": 6,
      "codename": "change_session"
    }
  },
  {
    "model": "auth.permission",
    "pk": 23,
    "fields": {
      "name": "Can delete session",
      "content_type": 6,
      "codename": "delete_session"
    }
  },
  {
    "model": "auth.permission",
    "pk": 24,
    "fields": {
      "name": "Can view session",
      "content_type": 6,
      "codename": "view_session"
    }
  },
  {
    "model": "auth.permission",
    "pk": 25,
    "fields": {
      "name": "Can add product",
      "content_type": 7,
      "codename": "add_product"
    }
  },
  {
    "model": "auth.permission",
    "pk": 26,
    "fields": {
      "name": "Can change product",
      "content_type": 7,
      "codename": "change_product"
    }
  },
  {
    "model": "auth.permission",
    "pk": 27,
    "fields": {
      "name": "Can delete product",
      "content_type": 7,
      "codename": "delete_product"
    }
  },
  {
    "model": "auth.permission",
    "pk": 28,
    "fields": {
      "name": "Can view product",
      "content_type": 7,
      "codename": "view_product"
    }
  },
  {
    "model": "auth.permission",
    "pk": 29,
    "fields": {
      "name": "Can add shipping address",
      "content_type": 8,
      "codename": "add_shippingaddress"
    }
  },
  {
    "model": "auth.permission",
    "pk": 30,
    "fields": {
      "name": "Can change shipping address",
      "content_type": 8,
      "codename": "change_shippingaddress"
    }
  },
  {
    "model": "auth.permission",
    "pk": 31,
    "fields": {
      "name": "Can delete shipping address",
      "content_type": 8,
      "codename": "delete_shippingaddress"
    }
  },
  {
    "model": "auth.permission",
    "pk": 32,
    "fields": {
      "name": "Can view shipping address",
      "content_type": 8,
      "codename": "view_shippingaddress"
    }
  },
  {
    "model": "auth.permission",
    "pk": 33,
    "fields": {
      "name": "Can add order item",
      "content_type": 9,
      "codename": "add_orderitem"
    }
  },
  {
    "model": "auth.permission",
    "pk": 34,
    "fields": {
      "name": "Can change order item",
      "content_type": 9,
      "codename": "change_orderitem"
    }
  },
  {
    "model": "auth.permission",
    "pk": 35,
    "fields": {
      "name": "Can delete order item",
      "content_type": 9,
      "codename": "delete_orderitem"
    }
  },
  {
    "model": "auth.permission",
    "pk": 36,
    "fields": {
      "name": "Can view order item",
      "content_type": 9,
      "codename": "view_orderitem"
    }
  },
  {
    "model": "auth.permission",
    "pk": 37,
    "fields": {
      "name": "Can add order",
      "content_type": 10,
      "codename": "add_order"
    }
  },
  {
    "model": "auth.permission",
    "pk": 38,
    "fields": {
      "name": "Can change order",
      "content_type": 10,
      "codename": "change_order"
    }
  },
  {
    "model": "auth.permission",
    "pk": 39,
    "fields": {
      "name": "Can delete order",
      "content_type": 10,
      "codename": "delete_order"
    }
  },
  {
    "model": "auth.permission",
    "pk": 40,
    "fields": {
      "name": "Can view order",
      "content_type": 10,
      "codename": "view_order"
    }
  },
  {
    "model": "auth.permission",
    "pk": 41,
    "fields": {
      "name": "Can add review",
      "content_type": 11,
      "codename": "add_review"
    }
  },
  {
    "model": "auth.permission",
    "pk": 42,
    "fields": {
      "name": "Can change review",
      "content_type": 11,
      "codename": "change_review"
    }
  },
  {
    "model": "auth.permission",
    "pk": 43,
    "fields": {
      "name": "Can delete review",
      "content_type": 11,
      "codename": "delete_review"
    }
  },
  {
    "model": "auth.permission",
    "pk": 44,
    "fields": {
      "name": "Can view review",
      "content_type": 11,
      "codename": "view_review"
    }
  },
  {
    "model": "auth.user",
    "pk": 2,
    "fields": {
      "password": "pbkdf2_sha256$260000$kQ3qbQTr7DZRdEv7ROs4v3$HVy5sox7yT5J6nC1mjhmfSdXXskgFftw82VmbnaK/e0=",
      "last_login": "2021-09-11T11:29:41.167Z",
      "is_superuser": true,
      "username": "kritebhlaganbibhakar@gmail.com",
      "first_name": "Kritebh Lagan Bibhakar",
      "last_name": "",
      "email": "kritebhlaganbibhakar@gmail.com",
      "is_staff": true,
      "is_active": true,
      "date_joined": "2021-08-13T09:45:34Z",
      "groups": [],
      "user_permissions": []
    }
  },
  {
    "model": "auth.user",
    "pk": 3,
    "fields": {
      "password": "pbkdf2_sha256$260000$Fw7DVVWw0pjACoHPi02vj6$YxFueyIFYi+blfiQHl2qSoOpHRcT5+kbZfPNfaFf9xw=",
      "last_login": "2021-09-06T18:22:06.373Z",
      "is_superuser": true,
      "username": "harsh.nishant.superstar@gmail.com",
      "first_name": "Kumar Harsh",
      "last_name": "",
      "email": "harsh.nishant.superstar@gmail.com",
      "is_staff": true,
      "is_active": true,
      "date_joined": "2021-08-16T10:38:01Z",
      "groups": [],
      "user_permissions": []
    }
  },
  {
    "model": "auth.user",
    "pk": 6,
    "fields": {
      "password": "pbkdf2_sha256$260000$KRu4mvSIcDSNVZPhhXoWuh$5Gh2svyKVQ7rB0eZHvvJgY+fsMP/RVh7F/9NkhcMg6Y=",
      "last_login": null,
      "is_superuser": false,
      "username": "test@test.com",
      "first_name": "test (Updated)",
      "last_name": "",
      "email": "test@test.com",
      "is_staff": true,
      "is_active": true,
      "date_joined": "2021-09-03T17:33:57.081Z",
      "groups": [],
      "user_permissions": []
    }
  },
  {
    "model": "auth.user",
    "pk": 7,
    "fields": {
      "password": "pbkdf2_sha256$260000$cdFXqRnCtsYqsAaNlW4C74$C6mFQv7uEbh2UUzEopUTWTtCsxTm9UMmdN4qS1rgDn0=",
      "last_login": null,
      "is_superuser": false,
      "username": "john@email.com",
      "first_name": "john",
      "last_name": "",
      "email": "",
      "is_staff": false,
      "is_active": true,
      "date_joined": "2021-09-12T09:27:26.526Z",
      "groups": [],
      "user_permissions": []
    }
  },
  {
    "model": "auth.user",
    "pk": 8,
    "fields": {
      "password": "pbkdf2_sha256$260000$0yzLxdQ80XhW7lmBuNPYCi$+YsQvYDt/z5YMkM58vLXfgwlh9F9ZwFCJuK7iRq0evQ=",
      "last_login": "2024-08-04T07:05:08.646Z",
      "is_superuser": true,
      "username": "admin@test.com",
      "first_name": "",
      "last_name": "",
      "email": "admin@test.com",
      "is_staff": true,
      "is_active": true,
      "date_joined": "2024-08-04T07:01:40.218Z",
      "groups": [],
      "user_permissions": []
    }
  },
  {
    "model": "sessions.session",
    "pk": "hu8xj2wweo5qm51zm8azyl28pfz5vmaz",
    "fields": {
      "session_data": ".eJxVjDsOwjAQBe_iGln2Jv5R0nMGy7vr4ACypTipEHeHSCmgfTPzXiKmbS1x63mJM4uzAHH63TDRI9cd8D3VW5PU6rrMKHdFHrTLa-P8vBzu30FJvXxrjT6pEYeUMwVLQYE3yEw6o-EAYC3awYRBOaAAzk1otBoVsp8Q0Xnx_gDtsTf-:1mP1CX:Y2JKWCn3U_p0z3M-2Bi8VsNp8ebPxXlEItEW_ssLDDs",
      "expire_date": "2021-09-25T11:29:41.173Z"
    }
  },
  {
    "model": "sessions.session",
    "pk": "i9wvk2ivwkv3tq4b8gi2qpjhmgcz1zka",
    "fields": {
      "session_data": ".eJxVjDsOwjAQBe_iGln2Jv5R0nMGy7vr4ACypTipEHeHSCmgfTPzXiKmbS1x63mJM4uzAHH63TDRI9cd8D3VW5PU6rrMKHdFHrTLa-P8vBzu30FJvXxrjT6pEYeUMwVLQYE3yEw6o-EAYC3awYRBOaAAzk1otBoVsp8Q0Xnx_gDtsTf-:1mFZxM:a3ZtwHPf1MQies7UTCNw2LGxh2LU9EXW7bf4ezhkrnA",
      "expire_date": "2021-08-30T10:35:00.823Z"
    }
  },
  {
    "model": "sessions.session",
    "pk": "kd7kde418yr2hjy74fphr0eht8mt1a7n",
    "fields": {
      "session_data": ".eJxVjDsOwjAQBe_iGln2Jv5R0nMGy7vr4ACypTipEHeHSCmgfTPzXiKmbS1x63mJM4uzAHH63TDRI9cd8D3VW5PU6rrMKHdFHrTLa-P8vBzu30FJvXxrjT6pEYeUMwVLQYE3yEw6o-EAYC3awYRBOaAAzk1otBoVsp8Q0Xnx_gDtsTf-:1mETlW:kB9KzhyQbYIOR-oIxg46-4eXJNrxkzto0CltuVkNecA",
      "expire_date": "2021-08-27T09:46:14.008Z"
    }
  },
  {
    "model": "sessions.session",
    "pk": "oakewjyzbi5v8fyvu5ldxw0ut6dakwst",
    "fields": {
      "session_data": ".eJxVjDsOwjAQBe_iGln2Jv5R0nMGy7vr4ACypTipEHeHSCmgfTPzXiKmbS1x63mJM4uzAHH63TDRI9cd8D3VW5PU6rrMKHdFHrTLa-P8vBzu30FJvXxrjT6pEYeUMwVLQYE3yEw6o-EAYC3awYRBOaAAzk1otBoVsp8Q0Xnx_gDtsTf-:1mM8TK:KvdBKfneAaWSxMNETq1ucg0VYRgYoTFofxxnno4dUV0",
      "expire_date": "2021-09-17T12:39:06.499Z"
    }
  },
  {
    "model": "sessions.session",
    "pk": "osuued9uwarb3e42vgry8mgov1ip0s58",
    "fields": {
      "session_data": ".eJxVjDsOwjAQBe_iGln2Jv5R0nMGy7vr4ACypTipEHeHSCmgfTPzXiKmbS1x63mJM4uzAHH63TDRI9cd8D3VW5PU6rrMKHdFHrTLa-P8vBzu30FJvXxrjT6pEYeUMwVLQYE3yEw6o-EAYC3awYRBOaAAzk1otBoVsp8Q0Xnx_gDtsTf-:1mH2RB:1O_37WnayJKHuBtIvRv3MGwHhbmg_dP8jAvTTyKVpok",
      "expire_date": "2021-09-03T11:11:49.290Z"
    }
  },
  {
    "model": "sessions.session",
    "pk": "ozg69ir78p6pmkrvrcejnmcbso67n4yq",
    "fields": {
      "session_data": ".eJxVjEEOwiAQRe_C2hBogU5duu8ZCMMMUjWQlHZlvLtt0oVu_3v_vYUP25r91njxM4mr6MXld8MQn1wOQI9Q7lXGWtZlRnko8qRNTpX4dTvdv0AOLe9vi8r2DrQLUSFDx2z1GHkPkCIXjU2KxgTGmeRYg0lIg-bB2tCpHgHE5wv0zzg4:1mNJFu:NMckQD4g6wpWy811-o6g8mx27Q-obZmZ-IhRVZQayXU",
      "expire_date": "2021-09-20T18:22:06.442Z"
    }
  },
  {
    "model": "sessions.session",
    "pk": "qftsxsdpa1a83ltepanwjnjjcgt70a8h",
    "fields": {
      "session_data": ".eJxVjEEOwiAQRe_C2hBogU5duu8ZCMMMUjWQlHZlvLtt0oVu_3v_vYUP25r91njxM4mr6MXld8MQn1wOQI9Q7lXGWtZlRnko8qRNTpX4dTvdv0AOLe9vi8r2DrQLUSFDx2z1GHkPkCIXjU2KxgTGmeRYg0lIg-bB2tCpHgHE5wv0zzg4:1mFxek:_kFF5ni2Dc0x4hD1ZlULLLVAJA5PXfV1ZmYX2-FFckA",
      "expire_date": "2021-08-31T11:53:22.793Z"
    }
  },
  {
    "model": "sessions.session",
    "pk": "r9bfc9j8v3efpo6bk717gaowv333v2qy",
    "fields": {
      "session_data": ".eJxVjDsOwjAQBe_iGln2Jv5R0nMGy7vr4ACypTipEHeHSCmgfTPzXiKmbS1x63mJM4uzAHH63TDRI9cd8D3VW5PU6rrMKHdFHrTLa-P8vBzu30FJvXxrjT6pEYeUMwVLQYE3yEw6o-EAYC3awYRBOaAAzk1otBoVsp8Q0Xnx_gDtsTf-:1mMtwW:tfK--COk7ZeRsHa7GgS-0andCFXQ2Hf38nGEY34Vt_4",
      "expire_date": "2021-09-19T15:20:24.904Z"
    }
  },
  {
    "model": "sessions.session",
    "pk": "t5vkapnt55gifeimgfyjz01626v8n8f1",
    "fields": {
      "session_data": ".eJxVjDsOwjAQBe_iGln2Jv5R0nMGy7vr4ACypTipEHeHSCmgfTPzXiKmbS1x63mJM4uzAHH63TDRI9cd8D3VW5PU6rrMKHdFHrTLa-P8vBzu30FJvXxrjT6pEYeUMwVLQYE3yEw6o-EAYC3awYRBOaAAzk1otBoVsp8Q0Xnx_gDtsTf-:1mHIgx:b_PC-Tf0J51imVzHW3bkHuoAHU7rAypLPob-lpcsgwk",
      "expire_date": "2021-09-04T04:33:11.741Z"
    }
  },
  {
    "model": "base.product",
    "pk": 11,
    "fields": {
      "user": 2,
      "name": "Naruto - Naruto Uzumaki Figure",
      "image": "images/naruto_figure.jpg",
      "brand": "Naruto",
      "category": "Figures",
      "description": "Size: Approx 4.5 inches tall\nMaterial: PVC, ABS\nManufacturer: Megahouse\nEstimated U.S. Ship Date: April 2022\n* Only includes Naruto",
      "rating": null,
      "numReviews": 0,
      "price": "2499.00",
      "countInStock": 50,
      "createdAt": "2021-09-12T07:34:24.764Z"
    }
  },
  {
    "model": "base.product",
    "pk": 12,
    "fields": {
      "user": 2,
      "name": "Attack On Titan - Eren Yeager Figure",
      "image": "images/eren_figure.jpg",
      "brand": "Attack on Titan",
      "category": "Figures",
      "description": " \"Fight, fight.\"\n\nPOP UP PARADE is a series of figures that are easy to collect with affordable prices and speedy releases! Each figure typically stands around 17-18cm in height and the series features a vast selection of characters from popular anime and game series, with many more to be added soon!\n\nFrom \"Attack on Titan\" comes a POP UP PARADE figure of Eren Yeager! The figure features Eren donning his jacket with a determined look on his face, capturing a memorable scene from the series.\n\nSize approx: 7” inches tall \nMaterial: ABS & PVC\nManufacturer: Good Smile Company\nEstimated U.S. Ship Date: March 2022",
      "rating": null,
      "numReviews": 0,
      "price": "2999.00",
      "countInStock": 50,
      "createdAt": "2021-09-12T07:37:42.364Z"
    }
  },
  {
    "model": "base.product",
    "pk": 13,
    "fields": {
      "user": 2,
      "name": "Attack On Titan - Levi Ackerman Figure",
      "image": "images/levi_figure.jpg",
      "brand": "Attack on Titan",
      "category": "Figures",
      "description": " \"I promise you, I will drive the Titans to extinction!\"\nFrom the anime \"Attack on Titan\" comes a Figma of mankind's strongest soldier, Levi!\n\n· Using the smooth yet posable joints of Figma, you can act out a variety of different scenes.\n· Three expressions are included: His standard face, an expression with clenched teeth ready for combat, and a cold-hearted expression perfect for Levi.\n· His dual blades are included for combat scenes, along with his Vertical Maneuvering Equipment and effects parts.\n· Special hand parts to display Levi holding the blades in his trademark reverse grip are also included.\n· The hooks connected to a wire that shoots out from the equipment are also included, along with his Scouting Legion mantle.\n· An articulated Figma stand is included, which allows various poses to be taken.\n\nSize approx: 5.5” inches tall \nMaterial: ABS & PVC\nManufacturer: Max Factory\nU.S. Release Date: July 2022\nDue to licensing and/or shipping restrictions, this item can only be shipped within the U.S.",
      "rating": null,
      "numReviews": 0,
      "price": "5999.00",
      "countInStock": 50,
      "createdAt": "2021-09-12T08:19:54.499Z"
    }
  },
  {
    "model": "base.product",
    "pk": 14,
    "fields": {
      "user": 2,
      "name": "Demon Slayer - Shinobu Kocho Figure",
      "image": "images/shinobu_figure.jpg",
      "brand": "Demon Slayer",
      "category": "Figures",
      "description": " Shinobu Kocho, Insect Pillar of the Demon Slayer Corps from the massively popular \"Demon Slayer\" series, joins FiguartsZERO! This fixed-pose statuette features a dynamic scene with wings gracefully extended, accentuated by translucent parts with color gradations.\n\n[Set Contents] Main body (with effects)\n\nSize approx: 7” inches tall \nMaterial: PVC, ABS\nManufacturer: Bandai\nU.S. Release Date: August 2021",
      "rating": null,
      "numReviews": 0,
      "price": "5999.00",
      "countInStock": 50,
      "createdAt": "2021-09-12T08:19:58.035Z"
    }
  },
  {
    "model": "base.product",
    "pk": 15,
    "fields": {
      "user": 2,
      "name": "Jujutsu Kaisen - Key Animation Art Book Vol 1",
      "image": "images/juju.jpg",
      "brand": "Jujutsu Kaisen",
      "category": "Manga & Video",
      "description": " A 208-page key animation art book from the popular anime series, Jujutsu Kaisen. Look through select keyframes from season 1, episodes 1 - 13.\n\nOriginally created by Gege Akutami and directed by Sunghoo Park with Studio MAPPA. Softcover. Jujutsu Kaisen Key Animation Vol. 1\n\nPublisher: Shueisha\nFormat: Paperback\nAuthor: MAPPA\nPages: 208",
      "rating": null,
      "numReviews": 0,
      "price": "3999.00",
      "countInStock": 50,
      "createdAt": "2021-09-12T08:20:00.900Z"
    }
  },
  {
    "model": "base.product",
    "pk": 16,
    "fields": {
      "user": 2,
      "name": "Demon Slayer: Kimetsu No Yaiba - Blu-Ray Vol. 1 (Limited Edition)",
      "image": "images/demon_bluray.jpg",
      "brand": "Demon Slayer",
      "category": "Manga & Video",
      "description": " Become the blade that cuts down despair—\nIt is the Taisho Period in Japan. Tanjiro, a kindhearted boy who sells charcoal for a living, finds his family slaughtered by a demon. To make matters worse, his younger sister Nezuko, the sole survivor, has been transformed into a demon herself.\nThough devastated by this grim reality, Tanjiro resolves to become a demon slayer so that he can turn his sister back into a human, and kill the demon that massacred his family. A sorrowful tale of siblings in which the fates of humans and demons intertwine...begins now!\n\nTruly a collector’s item for any diehard Demon Slayer: Kimetsu no Yaiba fan, the Limited Edition Blu-ray comes with a bevy of exclusive bonuses including audio commentary from both the Japanese and English cast, illustration card set, special booklet, plus three soundtrack CDs featuring the breathtaking music by Go Shiina. The English dubbed version of the special preview videos at the end of each episode are also only available on the Blu-ray. The Demon Slayer: Kimetsu no Yaiba Limited Edition Blu-ray Vol. 1 contains episodes 1 through 13 of the series, otherwise known as the first half of the \"Tanjiro Kamado, Unwavering Resolve Arc.\n\nBonus Content:\n\nExclusive box art and package illustrations by Akira Matsushima (Character Design)\nSpecial booklet, featuring character arts and scene designs along with staff commentaries\nIllustration card set\nSoundtrack CDs by Go Shiina - Breathtaking music on 3 discs, covering the first half of the season\n* Bonus materials subject to change\n\nDetails:\n\nPublisher: Aniplex\nSpoken languages: English, Japanese\nSubtitle language: English\nRating:  13+\nExtras Include: audio commentary plus textless opening and endings\nRun Time: 325 minutes   (Episodes 1 - 13) ",
      "rating": null,
      "numReviews": 0,
      "price": "9999.00",
      "countInStock": 50,
      "createdAt": "2021-09-12T08:20:03.283Z"
    }
  },
  {
    "model": "base.product",
    "pk": 17,
    "fields": {
      "user": 2,
      "name": "Re:Zero - Emilia Deskmat",
      "image": "images/mat.jpg",
      "brand": "Re:Zero",
      "category": "Accessories",
      "description": " Dress up your desk with this new Emilia Deskmat from the fan favorite series, Re:Zero!\n\nOfficially licensed\nDimensions: 24\"x14\"\nThickness: 1/16\"\nCloth Top\nNon- Slip Rubber Base\nMachine washable",
      "rating": null,
      "numReviews": 0,
      "price": "2499.00",
      "countInStock": 150,
      "createdAt": "2021-09-12T08:20:05.473Z"
    }
  },
  {
    "model": "base.product",
    "pk": 18,
    "fields": {
      "user": 2,
      "name": "Demon Slayer The Movie: Mugen Train - 500 Piece Jigsaw Puzzle Ensky Puzzle",
      "image": "images/puzzle.jpg",
      "brand": "Demon Slayer",
      "category": "Accessories",
      "description": " 500 Piece Demon Slayer Jigsaw Puzzle  Puzzle features the image of Kyojuro Rengoku among flames, used as one of the movie posters for Demon Slayer The Movie: Mugen Train.  \n\nMaterial: Paperboard\nManufacturer: Bandai\nU.S. Release Date: January 2022",
      "rating": null,
      "numReviews": 0,
      "price": "1499.00",
      "countInStock": 70,
      "createdAt": "2021-09-12T08:20:07.755Z"
    }
  },
  {
    "model": "base.product",
    "pk": 19,
    "fields": {
      "user": 2,
      "name": "Attack On Titan - Mikasa Battle Long Sleeve",
      "image": "images/mikasajacket.jpg",
      "brand": "Attack on Titan",
      "category": "Clothing",
      "description": " Officially licensed\nMidweight (5.5 oz/yd²)\n100% ring-spun cotton\nReactive-dyed for longer-lasting color\nTranslation: \"Attack on Titan\"",
      "rating": null,
      "numReviews": 0,
      "price": "1999.00",
      "countInStock": 100,
      "createdAt": "2021-09-12T08:47:18.626Z"
    }
  },
  {
    "model": "base.product",
    "pk": 20,
    "fields": {
      "user": 2,
      "name": "Dr. Stone Kingdom Wall Scroll",
      "image": "images/stone.jpg",
      "brand": "Dr. Stone",
      "category": "Accessories",
      "description": " We are 10 billion percent sure these are the freshest Dr. Stone releases ever! We’re science nerds too and so inspired by this super cool story that we indulged in creating this line just for you. We hope you love it!\n\nOfficially licensed and exclusive to Crunchyroll!\n32\" x 23\" with rounded end caps\n2 decorative sturdy hanging rods\n2 hooks included per scroll",
      "rating": null,
      "numReviews": 0,
      "price": "1499.00",
      "countInStock": 50,
      "createdAt": "2021-09-12T08:47:23.555Z"
    }
  },
  {
    "model": "base.product",
    "pk": 21,
    "fields": {
      "user": 2,
      "name": "Bleach - Ichigo Kurosaki Honor T-Shirt",
      "image": "images/ichigo_shirt.jpg",
      "brand": "Bleach",
      "category": "Clothing",
      "description": " Officially licensed\n100% ring-spun cotton\nMidweight (5.5 oz/yd²)\nReactive-dyed for longer lasting color",
      "rating": null,
      "numReviews": 0,
      "price": "1499.00",
      "countInStock": 75,
      "createdAt": "2021-09-12T08:47:27.078Z"
    }
  },
  {
    "model": "base.product",
    "pk": 22,
    "fields": {
      "user": 2,
      "name": "Fullmetal Alchemist - Group Vs. Pride Mug",
      "image": "images/fma.jpg",
      "brand": "Full Metal Alchemist",
      "category": "Accessories",
      "description": " Together with Ling and Lan Fan, the Elric brothers face off against Pride as they race to unravel the secrets behind Father’s plan for Amestris. This 11 oz. coffee mug showcases Edward and Alphonse ready to battle. Their allies from Xing stand at the ready, while Pride lingers in the shadows. This mug by ABYstyle is the perfect gift for fans of the classic series!\n\nOfficially licensed Fullmetal Alchemist: Brotherhood mug\nCapacity: 11 oz.\nMaterial: ceramic\nFeatures the Elric brothers, Ling, Lan Fan, and Pride\nDishwasher and microwave safe\nManufacturer: ABYstyle",
      "rating": null,
      "numReviews": 0,
      "price": "499.00",
      "countInStock": 50,
      "createdAt": "2021-09-12T08:47:30.205Z"
    }
  },
  {
    "model": "base.product",
    "pk": 23,
    "fields": {
      "user": 2,
      "name": "Dragon Ball SUper - Vegito Figure (Super Saiyan God Super Saiyan)",
      "image": "images/vegito.jpg",
      "brand": "Dragon Ball",
      "category": "Figures",
      "description": " Bandai Spirits Ichibansho is proud to announce their newest release from Dragon Ball Super:  Vegito(Super Saiyan God Super Saiyan)! This statue is expertly crafted and meticulously sculpted to look like Vegito(Super Saiyan God Super Saiyan) from their respective anime. Standing at approximately 9.84\" tall, Vegito(Super Saiyan God Super Saiyan) is seen in his popular pose. Be sure to collect this and enhance your display with other incredible Ichibansho figures!\n\nSize approx: 10” inches tall \nMaterial: ABS & PVC\nManufacturer: Bandai\nU.S. Release Date: March 2022",
      "rating": null,
      "numReviews": 0,
      "price": "2999.00",
      "countInStock": 100,
      "createdAt": "2021-09-12T08:47:33.031Z"
    }
  },
  {
    "model": "base.product",
    "pk": 24,
    "fields": {
      "user": 2,
      "name": "Naruto Shippuden - Itachi Uchiha Nendoroid",
      "image": "images/itachi.jpg",
      "brand": "Naruto",
      "category": "Figures",
      "description": " From the popular anime series \"Naruto Shippuden\" comes a rerelease of the Nendoroid of Itachi Uchiha! He comes with three face plates including his standard calm and composed expression, a smiling expression and a pained expression with an injured eye from using Amaterasu.\n\nHe also includes Amaterasu effect parts, and his Akatsuki cloak can be removed allowing you to display him in his battle against his younger brother, Sasuke. He even comes with a special hand part to display him touching Sasuke's forehead to recreate the famous scene from the series.\n\nIn addition, a clear sheet featuring Itachi's Susanoo is included to display by his side. Be sure to display him together with the previously released Nendoroid Sasuke Uchiha and other Nendoroid characters from the series!\n\nSet Contents:\nBack and Front Hair Parts\nFace Plates (x3)\nBody\nRight Shoulder Part (x1)\nRight Arm Parts (x2)\nRight-Hand Part (x1)\nLeft Shoulder Part (x1)\nLeft Arm Part (x1)\nLeft-Hand Part (x1)\nHand Seal Hand Part\nRight Leg Part (x1)\nLeft Leg Part (x1)\nAkatsuki Cloak Part (x1)\nBlack Flame Effect Part (x1)\nSusanoo Translucent Sheet (x1)\n\nSize approx: 4” inches tall \nMaterial: PVC, ABS\nManufacturer: Good Smile Company\nU.S. Release Date: August 2021",
      "rating": null,
      "numReviews": 0,
      "price": "2499.00",
      "countInStock": 50,
      "createdAt": "2021-09-12T08:47:36.143Z"
    }
  },
  {
    "model": "base.product",
    "pk": 25,
    "fields": {
      "user": 2,
      "name": "Demon Slayer - 300 Piece Tanjiro And Nezuko Ensky Puzzle",
      "image": "images/nezu.jpg",
      "brand": "Demon Slayer",
      "category": "Accessories",
      "description": "300 Piece Demon Slayer Jigsaw Puzzle  Puzzle features Tanjiro and a shrunken down Nezuko. \n\nMaterial: Paperboard\nManufacturer: Bandai\nU.S. Release Date: January 2022",
      "rating": null,
      "numReviews": 0,
      "price": "2999.00",
      "countInStock": 50,
      "createdAt": "2021-09-12T08:47:38.540Z"
    }
  },
  {
    "model": "base.product",
    "pk": 26,
    "fields": {
      "user": 2,
      "name": "Dragon Ball Super - Son Goku & Vegeta Figure",
      "image": "images/goku_veg_figure.jpg",
      "brand": "Dragon Ball",
      "category": "Figures",
      "description": " Bandai Spirits Ichibansho is proud to announce their newest release Son Goku(Super Saiyan God Super Saiyan)& Vegeta (Super Saiyan God Super Saiyan) (Vs Omnibus Super)!\n\nThis statue is expertly crafted and meticulously sculpted to look like Son Goku(Super Saiyan God Super Saiyan)& Vegeta (Super Saiyan God Super Saiyan) (Vs Omnibus Super) from their respective anime.\n\nStanding at approximately 7.9\" tall, Son Goku(Super Saiyan God Super Saiyan)& Vegeta (Super Saiyan God Super Saiyan) (Vs Omnibus Super) is seen in their popular pose. Be sure to collect this and enhance your display with other incredible Ichibansho figures!\n\nSize approx: 8.3” inches tall \nMaterial: PVC, ABS\nManufacturer: Bandai\nU.S. Release Date: April 2022",
      "rating": null,
      "numReviews": 0,
      "price": "3599.00",
      "countInStock": 23,
      "createdAt": "2021-09-12T08:47:40.789Z"
    }
  },
  {
    "model": "base.review",
    "pk": 1,
    "fields": {
      "product": null,
      "user": 2,
      "name": "Kritebh Lagan Bibhakar",
      "rating": 3,
      "comment": "nice product",
      "createdAt": "2021-09-09T08:20:13.159Z"
    }
  },
  {
    "model": "base.review",
    "pk": 2,
    "fields": {
      "product": null,
      "user": 6,
      "name": "test (Updated)",
      "rating": 3,
      "comment": "Good",
      "createdAt": "2021-09-10T09:36:28.825Z"
    }
  },
  {
    "model": "base.review",
    "pk": 3,
    "fields": {
      "product": null,
      "user": 2,
      "name": "Kritebh Lagan Bibhakar",
      "rating": 5,
      "comment": "",
      "createdAt": "2021-09-10T16:52:01.255Z"
    }
  },
  {
    "model": "base.order",
    "pk": 10,
    "fields": {
      "user": 2,
      "paymentMethod": "PayPal",
      "taxPrice": "1065.92",
      "shippingPrice": "0.00",
      "totalPrice": "14064.92",
      "isPaid": true,
      "paidAt": "2021-08-28T17:57:30Z",
      "isDeliver": true,
      "deliveredAt": "2021-09-08T18:30:55.143Z",
      "createdAt": "2021-08-28T11:49:27.118Z"
    }
  },
  {
    "model": "base.order",
    "pk": 11,
    "fields": {
      "user": 3,
      "paymentMethod": "PayPal",
      "taxPrice": "1065.92",
      "shippingPrice": "0.00",
      "totalPrice": "14064.92",
      "isPaid": true,
      "paidAt": "2021-09-03T12:40:59Z",
      "isDeliver": true,
      "deliveredAt": "2021-09-08T18:41:07.032Z",
      "createdAt": "2021-09-03T04:54:32.669Z"
    }
  },
  {
    "model": "base.order",
    "pk": 12,
    "fields": {
      "user": 2,
      "paymentMethod": "PayPal",
      "taxPrice": "29520.00",
      "shippingPrice": "0.00",
      "totalPrice": "389520.00",
      "isPaid": true,
      "paidAt": "2021-09-05T16:39:59.281Z",
      "isDeliver": true,
      "deliveredAt": "2021-09-08T18:41:20.223Z",
      "createdAt": "2021-09-05T16:38:19.642Z"
    }
  },
  {
    "model": "base.order",
    "pk": 13,
    "fields": {
      "user": 3,
      "paymentMethod": "PayPal",
      "taxPrice": "14760.00",
      "shippingPrice": "0.00",
      "totalPrice": "194760.00",
      "isPaid": false,
      "paidAt": null,
      "isDeliver": false,
      "deliveredAt": null,
      "createdAt": "2021-09-08T17:42:19.897Z"
    }
  },
  {
    "model": "base.order",
    "pk": 14,
    "fields": {
      "user": 2,
      "paymentMethod": "PayPal",
      "taxPrice": "2131.84",
      "shippingPrice": "0.00",
      "totalPrice": "28129.84",
      "isPaid": true,
      "paidAt": "2021-09-10T16:50:10.509Z",
      "isDeliver": true,
      "deliveredAt": "2021-09-10T16:50:24.716Z",
      "createdAt": "2021-09-10T16:48:55.422Z"
    }
  },
  {
    "model": "base.order",
    "pk": 15,
    "fields": {
      "user": 2,
      "paymentMethod": "PayPal",
      "taxPrice": "295.12",
      "shippingPrice": "0.00",
      "totalPrice": "3894.12",
      "isPaid": true,
      "paidAt": "2021-09-12T13:16:32.572Z",
      "isDeliver": false,
      "deliveredAt": null,
      "createdAt": "2021-09-12T13:15:51.404Z"
    }
  },
  {
    "model": "base.order",
    "pk": 16,
    "fields": {
      "user": 2,
      "paymentMethod": "PayPal",
      "taxPrice": "295.12",
      "shippingPrice": "0.00",
      "totalPrice": "3894.12",
      "isPaid": false,
      "paidAt": null,
      "isDeliver": false,
      "deliveredAt": null,
      "createdAt": "2021-09-12T13:21:16.614Z"
    }
  },
  {
    "model": "base.orderitem",
    "pk": 1,
    "fields": {
      "product": null,
      "order": null,
      "name": "Cannon EOS 80D DSLR Camera",
      "qty": 5,
      "price": "85000.00",
      "image": "/images/camera.jpg"
    }
  },
  {
    "model": "base.orderitem",
    "pk": 2,
    "fields": {
      "product": null,
      "order": null,
      "name": "Airpods Wireless Bluetooth Headphones",
      "qty": 1,
      "price": "12999.00",
      "image": "/images/airpods.jpg"
    }
  },
  {
    "model": "base.orderitem",
    "pk": 3,
    "fields": {
      "product": null,
      "order": null,
      "name": "Cannon EOS 80D DSLR Camera",
      "qty": 5,
      "price": "85000.00",
      "image": "/images/camera.jpg"
    }
  },
  {
    "model": "base.orderitem",
    "pk": 4,
    "fields": {
      "product": null,
      "order": null,
      "name": "Airpods Wireless Bluetooth Headphones",
      "qty": 1,
      "price": "12999.00",
      "image": "/images/airpods.jpg"
    }
  },
  {
    "model": "base.orderitem",
    "pk": 5,
    "fields": {
      "product": null,
      "order": null,
      "name": "Cannon EOS 80D DSLR Camera",
      "qty": 5,
      "price": "85000.00",
      "image": "/images/camera.jpg"
    }
  },
  {
    "model": "base.orderitem",
    "pk": 6,
    "fields": {
      "product": null,
      "order": null,
      "name": "Airpods Wireless Bluetooth Headphones",
      "qty": 1,
      "price": "12999.00",
      "image": "/images/airpods.jpg"
    }
  },
  {
    "model": "base.orderitem",
    "pk": 7,
    "fields": {
      "product": null,
      "order": null,
      "name": "Cannon EOS 80D DSLR Camera",
      "qty": 2,
      "price": "85000.00",
      "image": "/images/camera.jpg"
    }
  },
  {
    "model": "base.orderitem",
    "pk": 8,
    "fields": {
      "product": null,
      "order": null,
      "name": "Logitech G-Series Gaming Mouse",
      "qty": 4,
      "price": "3499.00",
      "image": "/images/mouse.jpg"
    }
  },
  {
    "model": "base.orderitem",
    "pk": 9,
    "fields": {
      "product": null,
      "order": null,
      "name": "Airpods Wireless Bluetooth Headphones",
      "qty": 1,
      "price": "12999.00",
      "image": "/images/airpods.jpg"
    }
  },
  {
    "model": "base.orderitem",
    "pk": 10,
    "fields": {
      "product": null,
      "order": null,
      "name": "Cannon EOS 80D DSLR Camera",
      "qty": 2,
      "price": "85000.00",
      "image": "/images/camera.jpg"
    }
  },
  {
    "model": "base.orderitem",
    "pk": 11,
    "fields": {
      "product": null,
      "order": null,
      "name": "Logitech G-Series Gaming Mouse",
      "qty": 4,
      "price": "3499.00",
      "image": "/images/mouse.jpg"
    }
  },
  {
    "model": "base.orderitem",
    "pk": 12,
    "fields": {
      "product": null,
      "order": null,
      "name": "Airpods Wireless Bluetooth Headphones",
      "qty": 1,
      "price": "12999.00",
      "image": "/images/airpods.jpg"
    }
  },
  {
    "model": "base.orderitem",
    "pk": 13,
    "fields": {
      "product": null,
      "order": null,
      "name": "Cannon EOS 80D DSLR Camera",
      "qty": 2,
      "price": "85000.00",
      "image": "/images/camera.jpg"
    }
  },
  {
    "model": "base.orderitem",
    "pk": 14,
    "fields": {
      "product": null,
      "order": null,
      "name": "Logitech G-Series Gaming Mouse",
      "qty": 4,
      "price": "3499.00",
      "image": "/images/mouse.jpg"
    }
  },
  {
    "model": "base.orderitem",
    "pk": 15,
    "fields": {
      "product": null,
      "order": null,
      "name": "Airpods Wireless Bluetooth Headphones",
      "qty": 1,
      "price": "12999.00",
      "image": "/images/airpods.jpg"
    }
  },
  {
    "model": "base.orderitem",
    "pk": 16,
    "fields": {
      "product": null,
      "order": null,
      "name": "Airpods Wireless Bluetooth Headphones",
      "qty": 1,
      "price": "12999.00",
      "image": "/images/airpods.jpg"
    }
  },
  {
    "model": "base.orderitem",
    "pk": 17,
    "fields": {
      "product": null,
      "order": null,
      "name": "Sony Playstation 4 Pro White Version",
      "qty": 1,
      "price": "29999.00",
      "image": "/images/playstation.jpg"
    }
  },
  {
    "model": "base.orderitem",
    "pk": 18,
    "fields": {
      "product": null,
      "order": null,
      "name": "Airpods Wireless Bluetooth Headphones",
      "qty": 1,
      "price": "12999.00",
      "image": "/images/airpods.jpg"
    }
  },
  {
    "model": "base.orderitem",
    "pk": 19,
    "fields": {
      "product": null,
      "order": 10,
      "name": "Airpods Wireless Bluetooth Headphones",
      "qty": 1,
      "price": "12999.00",
      "image": "/images/airpods.jpg"
    }
  },
  {
    "model": "base.orderitem",
    "pk": 20,
    "fields": {
      "product": null,
      "order": 11,
      "name": "Airpods Wireless Bluetooth Headphones",
      "qty": 1,
      "price": "12999.00",
      "image": "/images/airpods.jpg"
    }
  },
  {
    "model": "base.orderitem",
    "pk": 21,
    "fields": {
      "product": null,
      "order": 12,
      "name": "iPhone 11 Pro 256GB Memory",
      "qty": 4,
      "price": "90000.00",
      "image": "/images/phone.jpg"
    }
  },
  {
    "model": "base.orderitem",
    "pk": 22,
    "fields": {
      "product": null,
      "order": 13,
      "name": "iPhone 11 Pro 256GB Memory",
      "qty": 2,
      "price": "90000.00",
      "image": "/images/phone.jpg"
    }
  },
  {
    "model": "base.orderitem",
    "pk": 23,
    "fields": {
      "product": null,
      "order": 14,
      "name": "Airpods Wireless Bluetooth Headphones",
      "qty": 2,
      "price": "12999.00",
      "image": "/images/airpods.jpg"
    }
  },
  {
    "model": "base.orderitem",
    "pk": 24,
    "fields": {
      "product": 26,
      "order": 15,
      "name": "Dragon Ball Super - Son Goku & Vegeta Figure",
      "qty": 1,
      "price": "3599.00",
      "image": "/media/images/goku_veg_figure_QlqybCK.jpg"
    }
  },
  {
    "model": "base.orderitem",
    "pk": 25,
    "fields": {
      "product": 26,
      "order": 16,
      "name": "Dragon Ball Super - Son Goku & Vegeta Figure",
      "qty": 1,
      "price": "3599.00",
      "image": "/media/images/goku_veg_figure_QlqybCK.jpg"
    }
  },
  {
    "model": "base.shippingaddress",
    "pk": 10,
    "fields": {
      "order": 10,
      "address": "Patna",
      "city": "Patna",
      "postalCode": "811311",
      "country": "India",
      "shippingPrice": null
    }
  },
  {
    "model": "base.shippingaddress",
    "pk": 11,
    "fields": {
      "order": 11,
      "address": "22-B Baker Street",
      "city": "New York",
      "postalCode": "1001",
      "country": "USA",
      "shippingPrice": null
    }
  },
  {
    "model": "base.shippingaddress",
    "pk": 12,
    "fields": {
      "order": 12,
      "address": "LKR",
      "city": "LKR",
      "postalCode": "811311",
      "country": "IN",
      "shippingPrice": null
    }
  },
  {
    "model": "base.shippingaddress",
    "pk": 13,
    "fields": {
      "order": 13,
      "address": "India",
      "city": "Patna",
      "postalCode": "800000",
      "country": "India",
      "shippingPrice": null
    }
  },
  {
    "model": "base.shippingaddress",
    "pk": 14,
    "fields": {
      "order": 14,
      "address": "Patna",
      "city": "Patna",
      "postalCode": "811311",
      "country": "India",
      "shippingPrice": null
    }
  },
  {
    "model": "base.shippingaddress",
    "pk": 15,
    "fields": {
      "order": 15,
      "address": "LKR",
      "city": "LKr",
      "postalCode": "811111",
      "country": "IN",
      "shippingPrice": null
    }
  },
  {
    "model": "base.shippingaddress",
    "pk": 16,
    "fields": {
      "order": 16,
      "address": "IN",
      "city": "In",
      "postalCode": "In",
      "country": "in",
      "shippingPrice": null
    }
  }
]
